lat,lng,type,name
-32.219182,-58.135605,HOSPEDAJE,Hotel Plaza
-32.222931,-58.131883,HOSPEDAJE,Hotel Punta Vip
-32.211857,-58.143407,HOSPEDAJE,Postal del Río
-32.214226,-58.156516,HOSPEDAJE,Altos de Artalaz
-32.213672,-58.156913,HOSPEDAJE,Morada del Arroyo
-32.231294,-58.133373,HOSPEDAJE,Solares de Colón
-32.211067,-58.149403,HOSPEDAJE,Rincón del Río
-32.214294,-58.157161,HOSPEDAJE,Cabañas del Ysyry
-32.211639,-58.148578,HOSPEDAJE,Pal Disfrute
-32.220589,-58.236144,HOSPEDAJE,Las Casitas de Sigi
-30.97783,-57.925556,HOSPEDAJE,Hostal La Glorieta
-30.987249,-57.911673,HOSPEDAJE,Costa del Sol Hotel y Spa
-30.976634,-57.925503,HOSPEDAJE,Apart Hotel La Fuente
-30.981399,-57.927543,HOSPEDAJE,Hotel España-Federacion
-30.977922,-57.932889,HOSPEDAJE,Hotel & Spa Termas del Este
-30.978506,-57.932486,HOSPEDAJE,Piedras del Lago
-30.978193,-57.932685,HOSPEDAJE,Paraiso Termal
-30.979545,-57.930764,HOSPEDAJE,Los Angelitos
-30.979568,-57.927691,HOSPEDAJE,Santa Rita
-30.980155,-57.916684,HOSPEDAJE,Hosteria Palmas del Lago
-30.980129,-57.930481,HOSPEDAJE,El Mirador
-30.976248,-57.925657,HOSPEDAJE,Complejo Irupé
-30.968042,-57.93624,HOSPEDAJE,Las Veletas
-32.160028,-58.398567,HOSPEDAJE,Apart Hotel Los Colonos
-32.128233,-58.437728,HOSPEDAJE,Hotel Vertientes
-30.741144,-59.643767,HOSPEDAJE,Milton Hotel
-30.759062,-59.646803,HOSPEDAJE,Posada Don Alejandro
-30.758774,-59.643382,HOSPEDAJE,Las Palmeras Cabañas
-30.756662,-59.653601,HOSPEDAJE,Cabañas Don Isidro
-30.752066,-59.6469,HOSPEDAJE,Posta del Sol
-30.753039,-59.656911,HOSPEDAJE,Cheval Blanc
-30.754652,-59.653144,HOSPEDAJE,Cabañas Ibirá - Pitá
-30.758036,-59.653896,HOSPEDAJE,Tierra Greda
-31.733916,-60.527728,HOSPEDAJE,Paraná Hotel Plaza Jardín
-31.732374,-60.529681,HOSPEDAJE,Gran Hotel Paraná
-31.73815,-60.528771,HOSPEDAJE,Hotel San Jorge
-31.719333,-60.535963,HOSPEDAJE,Maran Suites & Towers
-31.723203,-60.533491,HOSPEDAJE,Tribunales Apart Hotel
-32.637198,-60.150191,HOSPEDAJE,Hotel Casablanca
-32.592564,-60.179082,HOSPEDAJE,El Molino - Resort & Spa
-32.603781,-60.16831,HOSPEDAJE,Cabañas Los Troncos
-32.485312,-58.244857,HOSPEDAJE,Hotel Gran Litoral
-32.486479,-58.231821,HOSPEDAJE,Nuevo Residencial Centro
-32.479465,-58.224687,HOSPEDAJE,Río Hotel
-32.484751,-58.242027,HOSPEDAJE,Bonato (Res. B)
-32.48276,-58.231542,HOSPEDAJE,Hotel Carlos I
-33.010175,-58.511086,HOSPEDAJE,Hotel Embajador
-33.010677,-58.511293,HOSPEDAJE,Hotel Los Robles
-33.015344,-58.50561,HOSPEDAJE,Hotel Puerto Sol
-33.010022,-58.50548,HOSPEDAJE,Aguay (4*)
-33.009518,-58.510776,HOSPEDAJE,Los Angeles
-33.017053,-58.506409,HOSPEDAJE,Posada del Puerto
-31.864879,-59.025239,HOSPEDAJE,Apart Hotel Las Liebres
-31.864601,-59.031531,HOSPEDAJE,Gran Solaz Hotel
-31.871841,-59.025786,HOSPEDAJE,Hotel Casagrande **
-31.662653,-59.909628,HOSPEDAJE,Hosteria El Descanso
-30.981482,-57.931843,HOSPEDAJE,El Molino
-30.978281,-57.925266,HOSPEDAJE,Anasol
-30.982185,-57.926242,HOSPEDAJE,Sol y Paz
-30.975981,-57.927867,HOSPEDAJE,Aires de Vida
-30.97883,-57.926255,HOSPEDAJE,Por la Vuelta
-30.979012,-57.927473,HOSPEDAJE,Apart Hotel Federación
-30.981049,-57.925869,HOSPEDAJE,Cieplice
-30.96123,-57.936632,HOSPEDAJE,Paso de la Barca
-30.963122,-57.9372257,HOSPEDAJE,Villa Alpina
-30.980847,-57.942735,HOSPEDAJE,La Reserva
-30.979283,-57.94211,HOSPEDAJE,Alpinas del Lago
-33.021499,-58.498504,HOSPEDAJE,Cabañas Campos del Rio
-33.024578,-58.484303,HOSPEDAJE,Bungalows Marialbi
-33.003234,-58.494145,HOSPEDAJE,Altos Verdes
-33.006779,-58.487842,HOSPEDAJE,Punta Sur
-33.014637,-58.494601,HOSPEDAJE,Complejo Week-End
-30.749987,-57.982986,HOSPEDAJE,Hotel Del Sol
-31.39918,-58.018112,HOSPEDAJE,Palmar Casino
-31.398054,-58.017844,HOSPEDAJE,Hotel Salto Grande
-31.398392,-58.013674,HOSPEDAJE,Hotel Federico I
-31.310785,-58.009692,HOSPEDAJE,Amanecer
-31.2961,-58.001851,HOSPEDAJE,Las Calandrias
-32.087538,-58.34324,HOSPEDAJE,Posada La Chozna
-31.381797,-58.012043,HOSPEDAJE,El Alemán
-33.010827,-58.514197,HOSPEDAJE,Hotel Berlín
-33.006923,-58.499579,HOSPEDAJE,Guayrá
-30.753924,-59.657534,HOSPEDAJE,Punta Canoa
-32.218016,-58.133657,HOSPEDAJE,Hotel Costarenas
-33.022032,-58.478551,HOSPEDAJE,Bungalows Matices
-32.197827,-58.157706,HOSPEDAJE,Pueblo Blanco
-30.969155,-57.936487,HOSPEDAJE,Apart Hotel Iken
-33.020395,-58.463391,HOSPEDAJE,Posada Via Verde
-32.212011,-58.144199,HOSPEDAJE,Cabañas Rancho Unelen
-33.013477,-58.507052,HOSPEDAJE,Hotel Costas del Uruguay
-32.214725,-58.158301,HOSPEDAJE,Terrazas de Colón
-30.975595,-57.927127,HOSPEDAJE,Terrazas de la Costa
-32.154687,-58.414377,HOSPEDAJE,Bungalows Los Abuelos
-30.980562,-57.941821,HOSPEDAJE,Cabañas La Vieja Chacra
-32.487746,-58.233183,HOSPEDAJE,Antigua Posta del Torreón<br>Hotel Boutique
-32.213922,-58.156789,HOSPEDAJE,Cabañas Paraiso Colón
-33.020449,-58.478401,HOSPEDAJE,Cabañas del Litoral
-32.488081,-58.257334,HOSPEDAJE,Virrey Hotel
-30.978575,-57.92732,HOSPEDAJE,Kuaray
-32.226722,-58.130781,HOSPEDAJE,La Posada de Dana
-30.977117,-57.926457,HOSPEDAJE,Costa Norte Apart
-32.218556,-58.141537,HOSPEDAJE,Los Preferidos
-32.211748,-58.147343,HOSPEDAJE,Sueño Verde Bungalows
-31.941074,-60.668031,HOSPEDAJE,Casa Quinta El Capitán
-31.953844,-60.685064,HOSPEDAJE,Terrazas de Puerto Alvear
-32.223875,-58.143394,HOSPEDAJE,Apartamentos Turísticos Aridan
-32.222168,-58.148253,HOSPEDAJE,Alojamiento Lo de Sara
-33.020701,-58.476298,HOSPEDAJE,Arapoty Cabañas
-30.979173,-57.927293,HOSPEDAJE,La Casona Hotel
-30.736091,-59.64307,HOSPEDAJE,Hotel Rivera
-30.969882,-57.93829,HOSPEDAJE,Bungalows Genesis
-31.390223,-57.988118,HOSPEDAJE,Casa de la Playa
-30.979801,-57.925399,HOSPEDAJE,Mediterraneo Apart Hotel
-32.211022,-58.223505,HOSPEDAJE,Bungalows El Descanso 1 y 2
-32.226076,-58.151741,HOSPEDAJE,Bungalows El Rancho
-32.219082,-58.14276,HOSPEDAJE,ABC Servicios turísticos
-31.733022,-60.529993,HOSPEDAJE,Departamento Centrico
-32.198285,-58.189151,HOSPEDAJE,Las Piedras Cabañas
-32.228249,-58.142073,HOSPEDAJE,Alquileres Girard
-32.217217,-58.137332,HOSPEDAJE,Chalet Don Eloy
-33.044406,-58.983091,HOSPEDAJE,Nuevo Solar Hotel
-31.396112,-58.015238,HOSPEDAJE,Hotel Florida *
-32.222895,-58.134395,HOSPEDAJE,Ayres de Río
-30.983974,-57.922947,HOSPEDAJE,El Encuentro
-32.210491,-58.145255,HOSPEDAJE,Hotel Termas y Río
-30.982374,-57.918852,HOSPEDAJE,Royal
-32.231607,-58.131691,HOSPEDAJE,Claro de Luna
-32.198253,-58.156622,HOSPEDAJE,Antigua Casa de Piedra
-33.014277,-58.507065,HOSPEDAJE,Hotel Barracas del Puerto
-32.620825,-60.149687,HOSPEDAJE,Manantiales Hotel
-30.975716,-57.926403,HOSPEDAJE,Brisas del Lago
-32.213346,-58.154599,HOSPEDAJE,Torre Colón
-30.980005,-57.92946,HOSPEDAJE,Bungalows San Cayetano
-32.228631,-58.134692,HOSPEDAJE,Bungalows Los Pinos
-33.014329,-58.5078,HOSPEDAJE,Marti Apart
-30.981785,-57.931618,HOSPEDAJE,Apart Agua Dulce
-31.766089,-60.395091,HOSPEDAJE,Quinta San Miguel
-32.165895,-58.399976,HOSPEDAJE,Lorrocha
-32.213391,-58.156623,HOSPEDAJE,Cabañas Peumayen
-32.614924,-60.141456,HOSPEDAJE,Cabañas Don Ivan
-32.210368,-58.147343,HOSPEDAJE,Hotel El Abuelo
-30.756529,-59.651991,HOSPEDAJE,Cabañas Costa Porá
-30.980442,-57.918634,HOSPEDAJE,La Casa de Elsa
-33.016698,-58.481707,HOSPEDAJE,Alojamiento Termas del Gualeguaychú
-32.231766,-58.13293,HOSPEDAJE,Villa Mora
-30.967702,-57.936455,HOSPEDAJE,Complejo Cumelén
-30.983694,-57.934822,HOSPEDAJE,Club Valle Termal Resort
-32.191321,-58.168854,HOSPEDAJE,Complejo Don Juan
-32.163493,-58.398197,HOSPEDAJE,Hotel Verde Solaro
-30.982406,-57.940591,HOSPEDAJE,La Loma
-30.756524,-59.652533,HOSPEDAJE,Los Troncos
-31.868255,-59.027127,HOSPEDAJE,Gran Hotel Villaguay
-30.754256,-59.655206,HOSPEDAJE,Cabañas Los Guaycos
-32.487461,-58.23343,HOSPEDAJE,Antigua Fonda
-32.215887,-58.137352,HOSPEDAJE,Las Grutas Colon
-33.017444,-58.475425,HOSPEDAJE,Sombra del Paraíso
-32.210718,-58.144826,HOSPEDAJE,Aya Bungalows
-32.212606,-58.147519,HOSPEDAJE,Bungalows Payma
-30.758649,-59.65405,HOSPEDAJE,El Portal
-31.74411,-60.508096,HOSPEDAJE,Apart Hotel Departamentos Paraná
-32.19784,-58.169521,HOSPEDAJE,Alojamiento Puerto Verde
-33.009129,-58.506728,HOSPEDAJE,Hotel Amancay
-32.242643,-58.167329,HOSPEDAJE,La Celeste
-32.485733,-58.226215,HOSPEDAJE,Aguaribay Apart Hotel
-30.976687,-57.94039,HOSPEDAJE,Las Glicinas
-30.754302,-59.653333,HOSPEDAJE,Aires de Río Hostería
-33.013166,-58.500448,HOSPEDAJE,Hosteria Papaya
-31.296155,-58.001869,HOSPEDAJE,El Remanso
-33.010715,-58.511779,HOSPEDAJE,Hotel Brutti
-30.968861,-57.939266,HOSPEDAJE,Complejo Cortese
-31.659336,-59.932909,HOSPEDAJE,Los Girasoles
-30.976487,-57.939674,HOSPEDAJE,Complejo La Colina
-32.485927,-58.229473,HOSPEDAJE,Casa Tibiletti
-30.753283,-59.653117,HOSPEDAJE,Acacias Apart
-30.989493,-57.923355,HOSPEDAJE,Departamento Bienestar
-32.212547,-58.144382,HOSPEDAJE,Hotel Queguay
-32.423683,-58.286967,HOSPEDAJE,Nogales del Arroyo
-32.212765,-58.155034,HOSPEDAJE,Lapachos Resort
-31.731635,-60.48023,HOSPEDAJE,Quinta El Mirador
-30.979996,-57.941734,HOSPEDAJE,El Espinillo
-32.622298,-60.164373,HOSPEDAJE,Cabañas Dos Lunas
-33.025779,-58.480423,HOSPEDAJE,Bungalows Aguaribay
-32.213781,-58.143879,HOSPEDAJE,Bungalows Mi Rio
-30.756967,-59.653756,HOSPEDAJE,Cabañas El Timbó
-33.008798,-58.510222,HOSPEDAJE,Catedral Hotel Boutique
-30.756969,-59.653627,HOSPEDAJE,Posada Las Lilas
-30.984324,-57.92563,HOSPEDAJE,Departamento Victoria
-32.214617,-58.14718,HOSPEDAJE,Departamento Luchi
-31.73815,-60.532653,HOSPEDAJE,Hotel Provincial
-32.481764,-58.237048,HOSPEDAJE,Hosteria Mitre
-32.210604,-58.149403,HOSPEDAJE,Vista al Golf
-30.740287,-59.639285,HOSPEDAJE,La Cautiva de Ramirez Hotel Boutique
-32.48218,-58.234869,HOSPEDAJE,Lourd Mary Boutique
-32.228885,-58.154289,HOSPEDAJE,No me olvides
-32.466096,-58.238259,HOSPEDAJE,Rincón del Norte Bungalows
-32.223943,-58.136071,HOSPEDAJE,El Solar de María
-31.364906,-58.010198,HOSPEDAJE,Casa El Sol
-32.210091,-58.158767,HOSPEDAJE,El Molle de Artalaz
-32.639248,-60.146727,HOSPEDAJE,El Zorzal Casas de Campo
-32.186872,-58.172614,HOSPEDAJE,Bungalows Los Talas
-32.623093,-60.128671,HOSPEDAJE,Cabañas Complejo Inmigrantes
-32.222895,-58.166649,HOSPEDAJE,Bungalows Villa de Sol
-32.216922,-58.220848,HOSPEDAJE,La Casa de los Pinos
-33.00587,-58.495572,HOSPEDAJE,Solar del Este
-33.019774,-58.512391,HOSPEDAJE,Are Porâ
-32.595556,-60.171389,HOSPEDAJE,Ruta de Los Pajaros
-32.600807,-60.17714,HOSPEDAJE,Cabañas El Aramí
-31.732465,-60.515914,HOSPEDAJE,Hotel Punta Bahía
-31.365199,-58.010216,HOSPEDAJE,Apart Casa Di Aqua
-32.376718,-58.87844,HOSPEDAJE,Le Botzatey Búngalows
-32.186674,-58.18158,HOSPEDAJE,Bungalows Las Cañas
-33.715833,-58.663056,HOSPEDAJE,Hotel Villa Paranacito
-32.207718,-58.210719,HOSPEDAJE,Altos de Villa María
-32.213954,-58.15849,HOSPEDAJE,Ayres de Colón
-32.23094,-58.142594,HOSPEDAJE,Lo de Susana
-30.981472,-57.927293,HOSPEDAJE,Nuevo Hostal Termal
-32.191612,-58.16496,HOSPEDAJE,Bungalows El Corralito
-31.725393,-60.52172,HOSPEDAJE,Departamentos del Parque
-32.180126,-58.173155,HOSPEDAJE,Complejo Costa Alta
-32.616261,-60.150726,HOSPEDAJE,Cabaña Las Colinas
-33.014412,-58.47175,HOSPEDAJE,Bungalows La Delfina
-31.380954,-58.013889,HOSPEDAJE,Departamentos en Concordia
-32.213709,-58.15731,HOSPEDAJE,Terra Spa Resort
-31.741521,-60.520265,HOSPEDAJE,Hostel Parador 862
-32.618403,-60.15388,HOSPEDAJE,El Descanso Perfecto
-31.72078,-60.531304,HOSPEDAJE,Hostel del Parque Urquiza
-33.010018,-58.511741,HOSPEDAJE,Hotel Abadia
-32.210532,-58.149267,HOSPEDAJE,Aldea del Golf
-32.2853,-58.180184,HOSPEDAJE,Alpinas La Tapera
-32.21989,-58.13334,HOSPEDAJE,La Rusita
-30.980346,-57.932217,HOSPEDAJE,Aldea de Duendes
-33.008322,-58.50471,HOSPEDAJE,Buddha Hostel
-33.07385,-58.418984,HOSPEDAJE,Cerros Indios
-32.484968,-58.239959,HOSPEDAJE,Ágora Apart Hotel
-32.195275,-58.161852,HOSPEDAJE,San Jose Bungalows
-32.228059,-58.132359,HOSPEDAJE,Departamento del Parque
-32.619822,-60.16102,HOSPEDAJE,Apart Las Piedras
-30.738018,-59.640469,HOSPEDAJE,Los Fardos
-30.737077,-59.630399,HOSPEDAJE,Cabaña La Casita
-31.763175,-60.522416,HOSPEDAJE,Hostel Avenida
-31.344525,-58.023509,HOSPEDAJE,La Esperanza Hospedaje
-32.489583,-58.261424,HOSPEDAJE,Altos del Monumento
-31.45325,-58.133029,HOSPEDAJE,Hotel Ypf Km 248
-32.218429,-58.134575,HOSPEDAJE,11 Peyret Rent Apart
-32.214744,-58.141601,HOSPEDAJE,Atalaya del Río
-31.731014,-60.475531,HOSPEDAJE,Cabañas del Valle
-31.887852,-60.581299,HOSPEDAJE,Complejo El Refugio
-31.737566,-60.533531,HOSPEDAJE,Departamento Bellavista
-31.756187,-60.378338,HOSPEDAJE,Villa Adelina Apart House
-32.197368,-58.180847,HOSPEDAJE,San Uriel
-32.212411,-58.221713,HOSPEDAJE,Apart Morena
-32.163334,-58.398712,HOSPEDAJE,San Martin Plaza Hotel
-32.232515,-58.151783,HOSPEDAJE,Bungalows Alogüis
-30.978759,-57.927014,HOSPEDAJE,Departamento en Edificio Mirasol
-32.228649,-58.135743,HOSPEDAJE,Mis Sobrinos
-31.720762,-60.528612,HOSPEDAJE,Hostel Barrancas
-30.981408,-57.917423,HOSPEDAJE,Complejo Las Grutas
-32.214272,-58.159531,HOSPEDAJE,Brisas del Artaláz
-32.493113,-58.226951,HOSPEDAJE,Que No Llueva
-32.194209,-58.24115,HOSPEDAJE,Artesanías El Palmar
-31.737566,-60.533531,HOSPEDAJE,Departamento AA
-33.715059,-58.658109,HOSPEDAJE,Cantares Pesca y Cabañas
-32.619786,-60.157442,HOSPEDAJE,La Viajera
-32.228268,-58.137202,HOSPEDAJE,Loft Celia
-32.624955,-60.155168,HOSPEDAJE,La Colonia
-32.158684,-58.399276,HOSPEDAJE,Lumí Atalá Bungalows
-30.974684,-57.935457,HOSPEDAJE,Apart Río Termal
-30.981224,-57.932625,HOSPEDAJE,Bungalows Manantiales
-30.983183,-57.919171,HOSPEDAJE,Bungalows Ricardo
-32.345996,-58.159572,HOSPEDAJE,Suite del Bosque
-32.210023,-58.223902,HOSPEDAJE,Alojamiento de Máximo
-31.528233,-58.016235,HOSPEDAJE,Bungalows El Quincho
-32.220603,-58.133281,HOSPEDAJE,Bungalow El Ponton
-32.212692,-58.226799,HOSPEDAJE,De Mi Vieja
-32.632034,-60.155471,HOSPEDAJE,Departamento Mia
-31.642262,-60.376773,HOSPEDAJE,Don Eduardo
-32.624503,-60.136929,HOSPEDAJE,Hotel Argentino
-32.212742,-58.161139,HOSPEDAJE,Los Nogales
-32.221889,-58.134158,HOSPEDAJE,Bungalows La Soñada
-32.885498,-60.714912,HOSPEDAJE,Departamentos El Cerro
-30.981509,-57.925608,HOSPEDAJE,Departamentos San José
-30.976634,-57.926445,HOSPEDAJE,Departamento Los Abuelos
-31.723999,-60.537517,HOSPEDAJE,Departamento del Pasaje
-31.728204,-60.519265,HOSPEDAJE,Hotel Boutique MT
-31.657016,-59.927333,HOSPEDAJE,Cabañas Pepito
-31.658441,-59.932396,HOSPEDAJE,Casa Amarilla
-32.209942,-58.217563,HOSPEDAJE,Alojamiento Las Marías
-32.214403,-58.217879,HOSPEDAJE,Inmobiliaria Valiente
-31.739263,-60.51206,HOSPEDAJE,Fly Fishing Paraná
-32.213328,-58.146261,HOSPEDAJE,Bungalows Pastos
-31.732358,-60.521995,HOSPEDAJE,Hostel Las Magnolias
-32.228631,-58.1304,HOSPEDAJE,Ondas de Río
-31.854231,-59.018576,HOSPEDAJE,Hospedaje La Cabaña
-32.227451,-58.135897,HOSPEDAJE,Guayquiraro
-32.217939,-58.138901,HOSPEDAJE,Don Cecilio
-30.995968,-57.917221,HOSPEDAJE,Departamento Córdoba
-32.224202,-58.134805,HOSPEDAJE,Duplex Colón
-32.059955,-60.45747,HOSPEDAJE,Cabañas Morada de los Buhos
-32.226561,-58.140777,HOSPEDAJE,Don Quijote
-31.648632,-60.386133,HOSPEDAJE,Villa Naty
-31.73783,-60.533382,HOSPEDAJE,Departamento Montevideo
-32.229811,-58.136454,HOSPEDAJE,Casa Continente
-32.61834,-60.163132,HOSPEDAJE,Atardeceres de Victoria
-32.227977,-58.152226,HOSPEDAJE,Ciudad Paraiso
-32.222023,-58.138042,HOSPEDAJE,Alquileres Bouvet
-32.231372,-58.131948,HOSPEDAJE,Oga-Pora
-32.204386,-58.158522,HOSPEDAJE,Casa Figalino
-30.966239,-57.941135,HOSPEDAJE,Camping Sirirí
-32.223929,-58.134502,HOSPEDAJE,Departamentos Noguer
-30.987341,-57.916427,HOSPEDAJE,Las Camelias
-32.489248,-58.231247,HOSPEDAJE,Único Casa Hotel
-30.741909,-59.63877,HOSPEDAJE,Rincón del Caballú
-33.010949,-58.510118,HOSPEDAJE,Hostel Pichincha
-32.222096,-58.146282,HOSPEDAJE,Rey Casas
-32.223839,-58.134266,HOSPEDAJE,El Ensueño
-32.230155,-58.14405,HOSPEDAJE,Silvana Daniela
-32.221914,-58.15081,HOSPEDAJE,El Tano
-32.490687,-58.243464,HOSPEDAJE,Relax de Vacaciones
-33.011686,-58.527649,HOSPEDAJE,La Posada de la Guapa
-32.222241,-58.146153,HOSPEDAJE,Las Acacias
-32.624756,-60.163003,HOSPEDAJE,Departamento Namuncura
-32.625171,-60.161801,HOSPEDAJE,Departamento El Alba
-32.190332,-58.162052,HOSPEDAJE,El Alamo I y II
-33.012768,-58.506709,HOSPEDAJE,Puerto Inn
-32.995162,-58.523318,HOSPEDAJE,Bungalows Las Materas
-32.224655,-58.140489,HOSPEDAJE,Departamento Moreno
-32.231281,-58.133536,HOSPEDAJE,Mari Jo
-30.751868,-59.6501,HOSPEDAJE,Costa del Paraná
-32.207064,-58.164582,HOSPEDAJE,Omm Bungalows
-33.00259,-58.532991,HOSPEDAJE,Casa y Dpto Sandra
-32.216552,-58.140909,HOSPEDAJE,Alojamientos Alberdi
-33.013931,-58.507229,HOSPEDAJE,Apart Sofia
-32.22097,-58.139459,HOSPEDAJE,Alquileres Balcarce
-32.21793,-58.140498,HOSPEDAJE,Alquiler Chacabuco
-32.225708,-58.136176,HOSPEDAJE,Ana María
-32.228249,-58.138064,HOSPEDAJE,Mi Lugar en el Mundo
-30.969496,-57.937281,HOSPEDAJE,Solares del Norte
-32.195571,-58.163874,HOSPEDAJE,Cabañas Los Vascos
-32.224601,-58.135317,HOSPEDAJE,Complejo Canilu
-32.621503,-60.154355,HOSPEDAJE,Alojamientos Aranguren
-32.189324,-58.165548,HOSPEDAJE,Don Heraldo
-32.153379,-58.190975,HOSPEDAJE,Antigua Casona de Liebig
-32.22805,-58.13238,HOSPEDAJE,Altos de Uruguay
-32.628316,-60.122809,HOSPEDAJE,Complejo Las Mentas
-30.983919,-57.924943,HOSPEDAJE,Departamentos Ari
-33.026404,-58.478723,HOSPEDAJE,Casa Quinta Don Guorri
-32.2074,-58.219106,HOSPEDAJE,Alojamiento Don Lolo
-30.984361,-57.920244,HOSPEDAJE,Don Fermín Departamentos
-30.96404,-57.93495,HOSPEDAJE,Irundy Apart
-30.98311,-57.919235,HOSPEDAJE,El Retoño
-33.023957,-58.481727,HOSPEDAJE,Arroyo Verde
-32.211784,-58.159541,HOSPEDAJE,Apart de Sol
-32.21665,-58.143575,HOSPEDAJE,Ay Rosita
-32.227689,-58.129722,HOSPEDAJE,Orion Departamento
-32.199722,-58.168056,HOSPEDAJE,Munay Ki
-33.024227,-58.483293,HOSPEDAJE,Cabañas La Victoria
-32.624887,-60.162813,HOSPEDAJE,Pozo Paraiso Monoambientes
-30.742477,-59.645199,HOSPEDAJE,Departamentos del Centro
-31.240655,-59.999127,HOSPEDAJE,Cabañas Don Carlos
-30.758096,-59.651631,HOSPEDAJE,Cabañas Herdanza
-32.201762,-58.198614,HOSPEDAJE,Luz de Luna
-33.020683,-58.483041,HOSPEDAJE,De Juanita
-33.009017,-58.471121,HOSPEDAJE,El Viejo Artesano
-30.738405,-59.643059,HOSPEDAJE,Casemani
-32.204994,-58.222153,HOSPEDAJE,El Lalo
-32.617816,-60.15034,HOSPEDAJE,La Casona de Doña Esmeralda
-32.220426,-58.145871,HOSPEDAJE,Algamagos
-31.722126,-60.472269,HOSPEDAJE,Cabañas del Paraná
-32.213155,-58.154261,HOSPEDAJE,Artálaz Resort Negrita
-30.980879,-57.925163,HOSPEDAJE,Hanna Apart
-32.227088,-58.156042,HOSPEDAJE,Departamentos Alcira
-32.212831,-58.158722,HOSPEDAJE,La Arbolada Cabañas
-32.488515,-58.244941,HOSPEDAJE,El Remanso
-30.98838,-57.918656,HOSPEDAJE,Peñalver Inmobiliaria
-32.490289,-58.282256,HOSPEDAJE,Portales de La Histórica
-32.227669,-58.141279,HOSPEDAJE,Bungalows Malvina
-32.217921,-58.140507,HOSPEDAJE,Luale Departamento
-32.635653,-60.154277,HOSPEDAJE,El Mirador
-31.741749,-60.531573,HOSPEDAJE,Bio Citi Hotel
-32.208408,-58.155656,HOSPEDAJE,Tomasito
-30.984545,-57.925544,HOSPEDAJE,Departamentos Karen
-32.152416,-58.411174,HOSPEDAJE,Bungalows El Osito
-32.618304,-60.155661,HOSPEDAJE,Lo de Dina
-32.634749,-60.150962,HOSPEDAJE,La Vieja Calera
-31.725083,-60.527367,HOSPEDAJE,Departamento Parque
-32.156395,-58.411431,HOSPEDAJE,Alojamiento Isa
-32.227215,-58.1357,HOSPEDAJE,Las Palmas
-31.296067,-58.002121,HOSPEDAJE,Los Colonos
-31.729007,-60.522351,HOSPEDAJE,Departamento Colón
-32.614237,-60.142465,HOSPEDAJE,La Casita de Georgina
-30.965501,-57.93841,HOSPEDAJE,Bungalows Agata
-32.624557,-60.146048,HOSPEDAJE,Amigos sin frontera
-31.657089,-59.927394,HOSPEDAJE,Refugio de Luna
-30.983749,-57.939904,HOSPEDAJE,La Pilarica
-30.965825,-57.941583,HOSPEDAJE,Puertas del Sol
-31.732931,-60.531707,HOSPEDAJE,Departamento del Centro
-30.970324,-57.945007,HOSPEDAJE,Casas del Muelle
-32.228948,-58.138082,HOSPEDAJE,Alojamientos Seluzo
-32.206011,-58.160816,HOSPEDAJE,Complejo Río Azul
-32.213518,-58.160918,HOSPEDAJE,Apart Colonial
-30.981224,-57.931498,HOSPEDAJE,Apart lo de Lira
-32.155269,-58.413792,HOSPEDAJE,Tía Ines
-30.759235,-57.998523,HOSPEDAJE,Altos del Uruguay
-32.193183,-58.181174,HOSPEDAJE,Cabañas Melumin
-32.151306,-58.412593,HOSPEDAJE,Bungalows Cande
-32.825077,-59.241071,HOSPEDAJE,Estancia El Ombú
-33.014134,-58.47265,HOSPEDAJE,La Rosada
-32.126943,-58.441411,HOSPEDAJE,Bungalows en Termas Villa Elisa
-31.729276,-60.521746,HOSPEDAJE,Apartamento La Rioja
-32.624177,-60.163497,HOSPEDAJE,Edificio Colina Dom
-31.860323,-59.031567,HOSPEDAJE,Departamentos Villaguay
-30.991995,-57.919861,HOSPEDAJE,Casa Monica
-32.617111,-60.157211,HOSPEDAJE,El Canoero Pesca
-33.714987,-58.658073,HOSPEDAJE,El Descanso Hospedaje
-32.166258,-58.400427,HOSPEDAJE,La Casa de Pelu
-30.963723,-57.936659,HOSPEDAJE,Casita Azul
-32.206873,-58.160303,HOSPEDAJE,Terra Nova
-30.979279,-57.933038,HOSPEDAJE,Cabañas Aldea Alemana
-30.987083,-57.919496,HOSPEDAJE,Departamento Romina
-30.986403,-57.914561,HOSPEDAJE,Casa de la Playa
-30.991627,-57.918509,HOSPEDAJE,Casa Morena
-30.9840546,-57.9195822,HOSPEDAJE,Departamento Luciana
-32.60623,-60.172083,HOSPEDAJE,Las Cañitas
-31.739409,-60.530594,HOSPEDAJE,PH 236
-32.219173,-58.146969,HOSPEDAJE,Departamento L y S
-32.21409,-58.223056,HOSPEDAJE,Las Golondrinas
-32.210958,-58.144972,HOSPEDAJE,Balcones del Pilar
-32.618521,-60.169054,HOSPEDAJE,Apart Rio Manso
-32.195571,-58.168918,HOSPEDAJE,Altos del Campo
-30.756506,-59.651804,HOSPEDAJE,Cabañas Arandú
-32.633303,-60.141545,HOSPEDAJE,Irupé Apart Hotel
-31.742525,-60.348674,HOSPEDAJE,Quinta Caripe
-32.225018,-58.137656,HOSPEDAJE,Anselmi
-31.729579,-60.517438,HOSPEDAJE,Departamento Misiones
-32.491764,-58.24902,HOSPEDAJE,Tu Descanso
-32.222931,-58.129005,PLAYAS,Playas Sur de Colon
-32.208553,-58.141665,PLAYAS,Playas Norte de Colon
-32.240846,-58.116456,PLAYAS,"Banco de Arena, Colon"
-32.232043,-58.110577,PLAYAS,"Banco de Arena, Colon"
-30.75669,-59.658568,PLAYAS,Playa La Curtiembre
-30.738343,-59.64764,PLAYAS,"Playa del Faro, La Paz"
-32.189233,-58.160359,PLAYAS,Playas de San Jose
-30.984802,-57.912521,PLAYAS,Playa Grande de Federación
-30.989258,-57.912461,PLAYAS,Playa Baly de Federación
-30.982981,-57.915466,PLAYAS,Playa Las Grutas de Federación
-30.97897,-57.912591,PLAYAS,Playa Las Palmeras de Federación
-30.99376,-57.914046,PLAYAS,Playa Sur de Federación
-31.390443,-57.986711,PLAYAS,"Playa Nebel, Concordia"
-31.288563,-57.956107,PLAYAS,"La Tortuga Alegre, Concordia"
-31.233426,-57.946622,PLAYAS,"Playa Perdices, Concordia"
-31.244398,-57.960098,PLAYAS,"Playas del Lago Salto Grande, Concordia"
-31.405169,-58.005306,PLAYAS,"Playa Los Sauces, Concordia"
-30.914597,-57.928348,PLAYAS,Playa de Santa Ana
-30.892558,-57.962657,PLAYAS,Playa de Chajari
-30.903624,-57.899197,PLAYAS,Playa de Santa Ana
-30.898091,-57.88852,PLAYAS,Playa de Santa Ana
-32.450417,-58.209313,PLAYAS,"Banco Pelay, Concepcion"
-32.473292,-58.213381,PLAYAS,"Playa La Toma, Concepcion"
-32.474831,-58.212029,PLAYAS,"Playa Stella Maris, Concepcion"
-32.488479,-58.209068,PLAYAS,"Playa Isla Cambacua, Concepcion"
-31.648358,-60.386451,PLAYAS,Playas de Villa Urquiza
-31.713766,-60.509262,PLAYAS,"Playas del Thompson, Paraná"
-31.716796,-60.533899,PLAYAS,"Playas del Parque Urquiza, Paraná"
-31.716796,-60.533899,PLAYAS,"Playas del Parque Urquiza, Paraná"
-32.009441,-60.647582,PLAYAS,Playas de Valle Maria
-32.050316,-60.636317,PLAYAS,Playas de Diamante
-33.010355,-58.504668,PLAYAS,"Playas del centro, Gualeguaychu"
-33.00591,-58.495506,PLAYAS,"Playas del centro, Gualeguaychu"
-33.067089,-58.388057,PLAYAS,"Balneario Ñandubaysal, Gualeguaychu"
-31.853502,-58.321352,SITIOS,Parque Nacional El Palmar
-32.121001,-60.633287,SITIOS,Parque Nacional Pre Delta
-31.718567,-60.530977,SITIOS,"Parque Urquiza, Paraná"
-31.712123,-60.547414,SITIOS,"Parque Nuevo, Paraná"
-31.719187,-60.534496,SITIOS,"Costanera Alta, Paraná"
-31.732876,-60.529561,SITIOS,"Plaza de Mayo, Paraná"
-31.731242,-60.529765,SITIOS,Peatonal Paraná
-31.709221,-60.502224,SITIOS,Tunel Subfluvial
-31.767216,-60.501237,SITIOS,"Parque Gazzano, Paraná"
-32.426902,-58.523667,SITIOS,"Palacio San Jose, Entre Rios"
-32.485239,-58.233023,SITIOS,Basilica Inmaculada Concepción
-32.484542,-58.232084,SITIOS,Plaza General Ramirez
-32.483637,-58.230835,SITIOS,Museo de Culturas Aborígenes Yuchan
-32.480253,-58.234182,SITIOS,Plaza San Martín
-32.496008,-58.22591,SITIOS,"Costanera Sur, Concepción del Uruguay"
-32.486868,-58.222157,SITIOS,Puerto de Concepción
-32.208426,-58.14742,TERMAS,Termas de Colón
-32.191712,-58.163896,TERMAS,Termas de San Jose
-32.127411,-58.438693,TERMAS,Termas de Villa Elisa
-32.393117,-58.274961,TERMAS,Termas de Concepcion del Uruguay
-33.016814,-58.481115,TERMAS,Termas del Gualeguaychu
-31.295806,-58.003135,TERMAS,Termas de Concordia
-30.97817,-57.929277,TERMAS,Termas de Federación
-30.757644,-59.65633,TERMAS,Termas de La Paz
-31.658313,-59.931321,TERMAS,Termas de Maria Grande
-32.64812,-60.123067,TERMAS,Termas de Victoria
-32.968095,-58.591869,TERMAS,Termas de Guaychu
